{"adjList":{"0":[6,18],"5":[33],"2":[28,48,35,43],"4":[36,42,43,44,41],"10":[57],"56":[36],"42":[10,34,12],"24":[34],"37":[24,52],"25":[41],"52":[17],"14":[51],"20":[53,29],"46":[61],"57":[33,25],"29":[1],"61":[34,17],"1":[7,63],"6":[63,43,12,62,23,34],"60":[46,20,62],"21":[32,2],"33":[13],"28":[4,32],"38":[24,35,50],"9":[15,14,37],"53":[5],"13":[37],"41":[48,49,26],"45":[4,49,22,47,35],"17":[9,16],"32":[30,29],"34":[9],"22":[18,59],"44":[49,35,10,31,37],"59":[37],"27":[22],"12":[7],"54":[39,52],"49":[56],"7":[25,31],"39":[27,62,52],"3":[58,35],"35":[58,10,60],"48":[43],"63":[19,43,15],"18":[48,49,55,32,14,11],"50":[63],"16":[54],"31":[55,35,30,20],"11":[27],"43":[36,45],"40":[57],"26":[40,34],"55":[25],"23":[39],"8":[7],"58":[47],"36":[52,14],"30":[7],"51":[24],"19":[21],"47":[3,8],"15":[4,47,38,20],"62":[4,8,23]},"nodeParameters":{"0":[0.30127053209427357,false],"5":[0.5857817506107905,false],"2":[0.9835701222163008,false],"4":[0.8365218987335877,false],"10":[0.20198639300690824,false],"56":[0.8653762879493044,false],"42":[0.23008069771154704,false],"24":[0.38289023730181027,false],"37":[0.9322759482701183,false],"25":[0.34439660958879337,false],"52":[0.799827306919125,false],"14":[0.13927282155850862,false],"20":[0.29573424309223617,false],"46":[0.4945192474736938,false],"57":[0.8251833743089796,false],"29":[0.8743012332401922,false],"61":[0.7547276027322075,false],"1":[0.607620015057124,false],"6":[0.5874608078326558,false],"60":[0.8810776960642976,false],"21":[0.33192776982627914,false],"33":[0.4250791831942108,true],"28":[0.43762806499247187,false],"38":[0.4015680316693969,false],"9":[0.1442245897553116,false],"53":[0.7778706541418835,false],"13":[0.45528721765795177,false],"41":[0.30214961446961874,false],"45":[0.1891986862863877,false],"17":[0.3453233380976415,false],"32":[0.0929777560898083,false],"34":[0.5270962074934409,false],"22":[0.10554855019239873,false],"44":[0.23911248292526743,false],"59":[0.25987743167708344,false],"27":[0.7153183310006723,true],"12":[0.9270893057139081,false],"54":[0.6064974219988976,false],"49":[0.9966112405624078,false],"7":[0.1607121359850786,false],"39":[0.3189921665498382,false],"3":[0.7600352208511105,false],"35":[0.27690660676157464,false],"48":[0.11560637251212336,false],"63":[0.0814901259626658,false],"18":[0.8194258370053737,false],"50":[0.4062745650926093,false],"16":[0.7543304405680344,false],"31":[0.026203300644657257,false],"11":[0.9604229508241852,false],"43":[0.23558534671320175,false],"40":[0.37056074758802826,false],"26":[0.1114983633625366,false],"55":[0.049560468393196055,false],"23":[0.266421490464109,false],"8":[0.32564866708818996,false],"58":[0.9033593947097239,false],"36":[0.8522438883455667,false],"30":[0.12433969635042419,false],"51":[0.6694596994935983,false],"19":[0.06775819695998009,false],"47":[0.17128549009422434,false],"15":[0.025691510975112908,false],"62":[0.5482395318725829,false]}}